{"cameraMode":{"drawMode":0,"name":"Shaded","section":"Shading Mode"},"sceneLighting":true,"audioPlay":false,"sceneViewState":{"showFog":true,"showMaterialUpdate":false,"showSkybox":true,"showFlares":true,"showImageEffects":true,"showParticleSystems":true,"showVisualEffectGraphs":true,"m_FxEnabled":true},"in2DMode":false,"pivot":{"x":-1.6374744176864625,"y":-3.6168551445007326,"z":6.4993062019348148},"rotation":{"x":0.24847592413425446,"y":-0.06503239274024964,"z":0.016711333766579629,"w":0.9662542343139648},"size":6.448463439941406,"orthographic":false}