{"cameraMode":{"drawMode":0,"name":"Shaded","section":"Shading Mode"},"sceneLighting":true,"audioPlay":false,"sceneViewState":{"showFog":true,"showMaterialUpdate":false,"showSkybox":true,"showFlares":true,"showImageEffects":true,"showParticleSystems":true,"showVisualEffectGraphs":true,"m_FxEnabled":true},"in2DMode":false,"pivot":{"x":0.15635988116264344,"y":0.2276151031255722,"z":0.8648524880409241},"rotation":{"x":0.1440855711698532,"y":0.5676699876785278,"z":-0.10171691328287125,"w":0.8041368126869202},"size":3.9658868312835695,"orthographic":false}