{"cameraMode":{"drawMode":0,"name":"Shaded","section":"Shading Mode"},"sceneLighting":true,"audioPlay":false,"sceneViewState":{"showFog":true,"showMaterialUpdate":false,"showSkybox":true,"showFlares":true,"showImageEffects":true,"showParticleSystems":true,"showVisualEffectGraphs":true,"m_FxEnabled":true},"in2DMode":false,"pivot":{"x":-1.0233596563339234,"y":0.0720348134636879,"z":2.6846470832824709},"rotation":{"x":0.18589524924755097,"y":0.09093884378671646,"z":-0.01728300377726555,"w":0.9781948924064636},"size":3.9658868312835695,"orthographic":false}